,PC1,PC2,PC3
z_il_t,-0.40564759077245893,-0.059027958970542804,0.5726854965958741
z_il_t_lag1,-0.4032509653928448,-0.06158508208578713,0.5753565900292805
z_price_implicit_lag1,0.5646381321029272,0.05548199369200512,0.32827715410404024
z_log_price,0.5843498775696746,0.05341411634477064,0.4822690049527657
z_delta_log_price_t_to_tplus1,-0.1120611055177593,0.9933738763805534,0.025432916738698175
