component,explained_variance_ratio
PC1,0.5981493621483083
PC2,0.3368397777913372
PC3,0.05897665224131843
