component,explained_variance_ratio
PC1,0.677319439258641
PC2,0.19975537066801213
PC3,0.11778857791591678
